title	author	status	started	finished
Having and Being Had	Eula Biss	read	--	Tue Dec 27 2022 18:00:00 GMT-0600 (Central Standard Time)
A Girl Is a Half-formed Thing	Eimear McBride	read	Sat Mar 28 2015 11:09:19 GMT-0500 (Central Daylight Time)	Sun Dec 25 2022 18:00:00 GMT-0600 (Central Standard Time)
Saga, Volume 10	Brian K. Vaughan	read	--	Mon Dec 19 2022 08:54:47 GMT-0600 (Central Standard Time)
Ducks: Two Years in the Oil Sands	Kate Beaton	read	--	Sat Dec 10 2022 20:44:14 GMT-0600 (Central Standard Time)
When We Cease to Understand the World	Benjamin Labatut	read	--	Sun Nov 27 2022 09:59:30 GMT-0600 (Central Standard Time)
Snow Crash	Neal Stephenson	read	--	Sat Nov 19 2022 18:00:00 GMT-0600 (Central Standard Time)
We Have Always Lived in the Castle	Shirley Jackson	read	Thu Feb 14 2019 17:05:25 GMT-0600 (Central Standard Time)	Sat Nov 05 2022 20:35:38 GMT-0500 (Central Daylight Time)
A Country of Ghosts	Margaret Killjoy	read	--	Sun Oct 16 2022 19:00:00 GMT-0500 (Central Daylight Time)
All Quiet on the Western Front	Erich Maria Remarque	read	--	Sat Oct 08 2022 19:00:00 GMT-0500 (Central Daylight Time)
Propaganda	Edward L. Bernays	read	Sat Aug 29 2020 17:12:11 GMT-0500 (Central Daylight Time)	Mon Oct 03 2022 21:04:15 GMT-0500 (Central Daylight Time)
The Invincible	Stanislaw Lem	read	--	Sat Sep 24 2022 19:00:00 GMT-0500 (Central Daylight Time)
Her Body and Other Parties	Carmen Maria Machado	read	--	Fri Sep 23 2022 07:22:29 GMT-0500 (Central Daylight Time)
On Anarchism	Noam Chomsky	read	--	Fri Sep 09 2022 09:20:57 GMT-0500 (Central Daylight Time)
The Morning Star	Karl Ove Knausgaard	read	--	Sat Sep 03 2022 19:00:00 GMT-0500 (Central Daylight Time)
Decline and Fall	Evelyn Waugh	read	--	Wed Aug 24 2022 19:00:00 GMT-0500 (Central Daylight Time)
The Cabin at the End of the World	Paul Tremblay	read	Mon Sep 20 2021 20:29:46 GMT-0500 (Central Daylight Time)	Fri Aug 19 2022 21:07:27 GMT-0500 (Central Daylight Time)
Pere Goriot	Honoré de Balzac	read	--	Tue Aug 16 2022 22:01:42 GMT-0500 (Central Daylight Time)
Exercises in Style	Raymond Queneau	read	Wed Jan 27 2021 19:29:06 GMT-0600 (Central Standard Time)	Wed Aug 10 2022 19:00:00 GMT-0500 (Central Daylight Time)
The Anthropocene Reviewed	John Green	read	--	Fri Aug 05 2022 19:00:00 GMT-0500 (Central Daylight Time)
Forever someone else	Fernando Pessoa	read	--	Sun Jul 31 2022 16:42:46 GMT-0500 (Central Daylight Time)
Scale	Geoffrey West	read	--	Fri Jul 29 2022 10:09:30 GMT-0500 (Central Daylight Time)
Machete	Tomás Q. Morín	read	--	Fri Jul 22 2022 08:10:05 GMT-0500 (Central Daylight Time)
Invisible Man	Ralph Ellison	read	--	Wed Jul 20 2022 08:26:32 GMT-0500 (Central Daylight Time)
Nostromo	Joseph Conrad	read	Sat Feb 03 2018 21:44:10 GMT-0600 (Central Standard Time)	Thu Jun 23 2022 19:00:00 GMT-0500 (Central Daylight Time)
Consider the Lobster	David Foster Wallace	read	--	Thu Jun 02 2022 19:00:00 GMT-0500 (Central Daylight Time)
Beyond the Beyond	Poul Anderson	read	Tue Apr 26 2022 17:23:24 GMT-0500 (Central Daylight Time)	Thu May 19 2022 15:00:36 GMT-0500 (Central Daylight Time)
An Inventory of Losses	Judith Schalansky	read	--	Tue Apr 26 2022 08:41:11 GMT-0500 (Central Daylight Time)
Long Live the Post Horn!	Vigdis Hjorth	read	--	Sun Mar 27 2022 23:25:35 GMT-0500 (Central Daylight Time)
Selected Poems	Gwendolyn Brooks	read	Wed Feb 23 2022 09:36:56 GMT-0600 (Central Standard Time)	Thu Mar 24 2022 19:00:00 GMT-0500 (Central Daylight Time)
Mason & Dixon	Thomas Pynchon	read	Wed Jan 26 2022 20:29:26 GMT-0600 (Central Standard Time)	Sun Mar 20 2022 19:00:00 GMT-0500 (Central Daylight Time)
Dance the Eagle to Sleep	Marge Piercy	read	Thu Jan 20 2022 20:44:44 GMT-0600 (Central Standard Time)	Wed Jan 26 2022 11:00:36 GMT-0600 (Central Standard Time)
How to Blow Up a Pipeline	Andreas Malm	read	Wed Jan 19 2022 15:40:48 GMT-0600 (Central Standard Time)	Wed Jan 19 2022 18:00:00 GMT-0600 (Central Standard Time)
Black Leopard, Red Wolf (The Dark Star Trilogy, #1)	TKTK	read	Sun Jul 04 2021 08:30:53 GMT-0500 (Central Daylight Time)	Tue Jan 18 2022 14:29:37 GMT-0600 (Central Standard Time)
Black Leopard, Red Wolf	Marlon James	read	--	Mon Jan 17 2022 18:00:00 GMT-0600 (Central Standard Time)
The Long Ships	Frans G. Bengtsson	read	Sat Jan 01 2022 20:42:47 GMT-0600 (Central Standard Time)	Fri Jan 14 2022 09:45:02 GMT-0600 (Central Standard Time)
The Ways of White Folks	Langston Hughes	read	Sun Dec 26 2021 22:02:13 GMT-0600 (Central Standard Time)	Fri Dec 31 2021 14:45:34 GMT-0600 (Central Standard Time)
Homage to Catalonia	TKTK	read	Wed Dec 22 2021 09:57:09 GMT-0600 (Central Standard Time)	Sun Dec 26 2021 17:13:29 GMT-0600 (Central Standard Time)
Homage to Catalonia (Collins Classics)	George Orwell	read	--	Sun Dec 26 2021 17:02:54 GMT-0600 (Central Standard Time)
Breaking Things at Work	Gavin Mueller	read	--	Tue Dec 21 2021 10:42:38 GMT-0600 (Central Standard Time)
Breaking Things at Work: The Luddites Are Right About Why You Hate Your Job	TKTK	read	Thu Dec 16 2021 02:00:00 GMT-0600 (Central Standard Time)	Tue Dec 21 2021 10:42:38 GMT-0600 (Central Standard Time)
Drive Your Plow Over the Bones of the Dead	Olga Tokarczuk	read	Sun Nov 28 2021 13:34:48 GMT-0600 (Central Standard Time)	Wed Dec 15 2021 12:33:59 GMT-0600 (Central Standard Time)
The Book of Ten Nights and a Night: Eleven Stories	John Barth	read	Mon Nov 08 2021 20:54:21 GMT-0600 (Central Standard Time)	Fri Nov 26 2021 18:00:00 GMT-0600 (Central Standard Time)
Ways of Seeing	John Berger	read	Mon Nov 01 2021 08:01:45 GMT-0500 (Central Daylight Time)	Sun Nov 07 2021 18:16:41 GMT-0600 (Central Standard Time)
The Cyberiad: Fables for the Cybernetic Age	Stanisław Lem	read	Tue Oct 12 2021 09:46:59 GMT-0500 (Central Daylight Time)	Sun Oct 31 2021 15:39:07 GMT-0500 (Central Daylight Time)
A Nation of Women: An Early Feminist Speaks Out	Luisa Capetillo	read	Mon Sep 20 2021 06:06:44 GMT-0500 (Central Daylight Time)	Tue Oct 12 2021 08:40:22 GMT-0500 (Central Daylight Time)
The Glass Hotel	Emily St. John Mandel	read	Tue Sep 28 2021 08:23:44 GMT-0500 (Central Daylight Time)	Wed Oct 06 2021 07:58:45 GMT-0500 (Central Daylight Time)
Civilizations	Laurent Binet	read	Wed Sep 01 2021 14:26:21 GMT-0500 (Central Daylight Time)	Sun Sep 19 2021 17:45:49 GMT-0500 (Central Daylight Time)
Anarchist Communism	Pyotr Kropotkin	read	Tue Aug 31 2021 10:12:00 GMT-0500 (Central Daylight Time)	Wed Sep 01 2021 14:22:14 GMT-0500 (Central Daylight Time)
Beaten Down, Worked Up: The Past, Present, and Future of American Labor	Steven Greenhouse	read	Mon Aug 16 2021 12:03:03 GMT-0500 (Central Daylight Time)	Mon Aug 30 2021 18:21:57 GMT-0500 (Central Daylight Time)
Utopia	Thomas More	read	Mon Aug 09 2021 16:14:53 GMT-0500 (Central Daylight Time)	Thu Aug 12 2021 11:18:15 GMT-0500 (Central Daylight Time)
The Southern Question	Antonio Gramsci	read	Sun Aug 08 2021 14:54:42 GMT-0500 (Central Daylight Time)	Sun Aug 08 2021 17:07:05 GMT-0500 (Central Daylight Time)
The Present Age: On the Death of Rebellion	Søren Kierkegaard	read	Thu Jul 29 2021 09:10:26 GMT-0500 (Central Daylight Time)	Mon Aug 02 2021 21:34:32 GMT-0500 (Central Daylight Time)
The Art of Asking Your Boss for a Raise	Georges Perec	read	Thu Jul 22 2021 08:39:28 GMT-0500 (Central Daylight Time)	Fri Jul 23 2021 07:36:55 GMT-0500 (Central Daylight Time)
The City & the City	China Miéville	read	Sun May 30 2021 13:25:14 GMT-0500 (Central Daylight Time)	Sun Jul 04 2021 08:25:46 GMT-0500 (Central Daylight Time)
Frankenstein in Baghdad	Ahmed Saadawi	read	Fri May 14 2021 13:28:03 GMT-0500 (Central Daylight Time)	Sun May 30 2021 13:14:18 GMT-0500 (Central Daylight Time)
Babbitt	Sinclair Lewis	read	Sun Apr 25 2021 22:31:32 GMT-0500 (Central Daylight Time)	Thu May 13 2021 21:11:03 GMT-0500 (Central Daylight Time)
Narrative of the Life of Frederick Douglass	Frederick Douglass	read	Wed Apr 21 2021 08:05:49 GMT-0500 (Central Daylight Time)	Sun Apr 25 2021 22:27:41 GMT-0500 (Central Daylight Time)
Mortal Engines	Stanisław Lem	read	Sun Apr 04 2021 11:50:58 GMT-0500 (Central Daylight Time)	Tue Apr 20 2021 08:16:57 GMT-0500 (Central Daylight Time)
Work Won't Love You Back: How Devotion to Our Jobs Keeps Us Exploited, Exhausted, and Alone	TKTK	read	Sat Mar 20 2021 02:00:00 GMT-0500 (Central Daylight Time)	Sat Apr 03 2021 02:00:00 GMT-0500 (Central Daylight Time)
Fire on the Mountain	Terry Bisson	read	Thu Mar 11 2021 10:29:01 GMT-0600 (Central Standard Time)	Mon Mar 22 2021 15:53:07 GMT-0500 (Central Daylight Time)
Mules and Men	Zora Neale Hurston	read	Thu Feb 25 2021 09:05:44 GMT-0600 (Central Standard Time)	Wed Mar 10 2021 21:09:08 GMT-0600 (Central Standard Time)
Life: A User's Manual	Georges Perec	read	Wed Jan 27 2021 19:23:27 GMT-0600 (Central Standard Time)	Tue Feb 23 2021 21:42:05 GMT-0600 (Central Standard Time)
Dancer	Colum McCann	read	Sun Jan 10 2021 18:17:01 GMT-0600 (Central Standard Time)	Sat Jan 23 2021 22:42:43 GMT-0600 (Central Standard Time)
End Zone	Don DeLillo	read	Wed Jan 06 2021 08:00:42 GMT-0600 (Central Standard Time)	Fri Jan 08 2021 20:22:53 GMT-0600 (Central Standard Time)
Philosophy and the Mirror of Nature	Richard M. Rorty	read	Sat Nov 03 2018 13:29:24 GMT-0500 (Central Daylight Time)	Tue Jan 05 2021 13:24:01 GMT-0600 (Central Standard Time)
No Shortcuts: Organizing for Power in the New Gilded Age	TKTK	read	Mon Dec 28 2020 02:00:00 GMT-0600 (Central Standard Time)	Mon Jan 04 2021 02:00:00 GMT-0600 (Central Standard Time)
The Warmth of Other Suns: The Epic Story of America's Great Migration	Isabel Wilkerson	read	--	Mon Dec 28 2020 11:32:09 GMT-0600 (Central Standard Time)
The Warmth of Other Suns: the Epic Story of America's Great Migration	TKTK	read	Mon Nov 23 2020 10:32:31 GMT-0600 (Central Standard Time)	Mon Dec 28 2020 11:32:09 GMT-0600 (Central Standard Time)
Solutions and Other Problems	Allie Brosh	read	Sat Dec 19 2020 11:32:48 GMT-0600 (Central Standard Time)	Mon Dec 21 2020 19:05:23 GMT-0600 (Central Standard Time)
Hyperbole and a Half	TKTK	read	Tue Dec 08 2020 19:52:31 GMT-0600 (Central Standard Time)	Thu Dec 10 2020 08:09:59 GMT-0600 (Central Standard Time)
I Curse the River of Time	Per Petterson	read	Tue Nov 03 2020 21:15:15 GMT-0600 (Central Standard Time)	Wed Nov 18 2020 07:14:36 GMT-0600 (Central Standard Time)
Capital Is Dead. Is This Something Worse?	McKenzie Wark	read	Mon Oct 26 2020 02:00:00 GMT-0500 (Central Daylight Time)	Tue Nov 03 2020 02:00:00 GMT-0600 (Central Standard Time)
Ignorance	Milan Kundera	read	Wed Oct 21 2020 21:20:45 GMT-0500 (Central Daylight Time)	Sun Oct 25 2020 09:07:48 GMT-0500 (Central Daylight Time)
Mind of My Mind	Octavia E. Butler	read	Wed Oct 14 2020 06:17:43 GMT-0500 (Central Daylight Time)	Sun Oct 18 2020 20:49:52 GMT-0500 (Central Daylight Time)
New Dark Age	James Bridle	read	--	Mon Oct 12 2020 10:26:27 GMT-0500 (Central Daylight Time)
New Dark Age: Technology and the End of the Future	TKTK	read	Sun Oct 04 2020 23:05:09 GMT-0500 (Central Daylight Time)	Mon Oct 12 2020 10:26:27 GMT-0500 (Central Daylight Time)
Henry V	TKTK	read	Wed Sep 23 2020 18:48:07 GMT-0500 (Central Daylight Time)	Sun Oct 04 2020 23:03:40 GMT-0500 (Central Daylight Time)
The Blue World	Jack Vance	read	Mon Sep 14 2020 20:10:44 GMT-0500 (Central Daylight Time)	Sun Sep 20 2020 12:44:59 GMT-0500 (Central Daylight Time)
Simulacra and Simulation	Jean Baudrillard	read	Wed Sep 02 2020 19:30:24 GMT-0500 (Central Daylight Time)	Sun Sep 13 2020 10:14:45 GMT-0500 (Central Daylight Time)
The Gilda Stories	Jewelle L. Gómez	read	Sun Aug 16 2020 06:38:59 GMT-0500 (Central Daylight Time)	Sat Aug 29 2020 16:56:45 GMT-0500 (Central Daylight Time)
The Fire Next Time	James Baldwin	read	Sun Aug 09 2020 08:01:31 GMT-0500 (Central Daylight Time)	Sun Aug 16 2020 06:37:30 GMT-0500 (Central Daylight Time)
Picture This	Joseph Heller	read	Tue Jul 21 2020 07:20:35 GMT-0500 (Central Daylight Time)	Sat Aug 08 2020 21:03:04 GMT-0500 (Central Daylight Time)
From Hell	Alan Moore	read	Thu Jun 26 2014 20:00:16 GMT-0500 (Central Daylight Time)	Mon Jul 20 2020 06:50:28 GMT-0500 (Central Daylight Time)
The Stranger	TKTK	read	Wed Jul 15 2020 07:49:32 GMT-0500 (Central Daylight Time)	Mon Jul 20 2020 06:50:28 GMT-0500 (Central Daylight Time)
Black Boy	Richard Wright	read	Sat Jul 04 2020 15:43:36 GMT-0500 (Central Daylight Time)	Tue Jul 14 2020 21:18:55 GMT-0500 (Central Daylight Time)
Metamorphoses	Ovid	read	Sun May 24 2020 11:29:11 GMT-0500 (Central Daylight Time)	Wed Jul 01 2020 07:31:29 GMT-0500 (Central Daylight Time)
Recursion	Blake Crouch	read	Thu May 21 2020 09:12:08 GMT-0500 (Central Daylight Time)	Sat May 23 2020 17:08:48 GMT-0500 (Central Daylight Time)
Commodify Your Dissent: Salvos from The Baffler	Thomas Frank	read	Mon May 11 2020 09:26:46 GMT-0500 (Central Daylight Time)	Tue May 19 2020 07:56:51 GMT-0500 (Central Daylight Time)
Swamplandia!	TKTK	read	Mon Apr 27 2020 17:14:15 GMT-0500 (Central Daylight Time)	Sun May 10 2020 08:06:55 GMT-0500 (Central Daylight Time)
Exhalation	TKTK	read	Sun Apr 19 2020 20:18:33 GMT-0500 (Central Daylight Time)	Mon Apr 27 2020 07:20:28 GMT-0500 (Central Daylight Time)
Vineland	Thomas Pynchon	read	Wed Apr 08 2020 20:07:37 GMT-0500 (Central Daylight Time)	Sun Apr 19 2020 14:22:59 GMT-0500 (Central Daylight Time)
The Star Diaries: Further Reminiscences of Ijon Tichy	Stanisław Lem	read	Mon Mar 30 2020 07:54:29 GMT-0500 (Central Daylight Time)	Wed Apr 08 2020 06:37:08 GMT-0500 (Central Daylight Time)
Shark Drunk: The Art of Catching a Large Shark from a Tiny Rubber Dinghy in a Big Ocean	Morten A. Strøksnes	read	Sat Mar 21 2020 14:41:09 GMT-0500 (Central Daylight Time)	Sun Mar 29 2020 14:36:59 GMT-0500 (Central Daylight Time)
The Martian Chronicles	Ray Bradbury	read	Tue Mar 10 2020 20:28:28 GMT-0500 (Central Daylight Time)	Sat Mar 21 2020 14:37:00 GMT-0500 (Central Daylight Time)
Island	Aldous Huxley	read	Wed Feb 19 2020 08:33:11 GMT-0600 (Central Standard Time)	Mon Mar 09 2020 07:52:00 GMT-0500 (Central Daylight Time)
Fire the Bastards!	Jack Green	read	Mon Feb 17 2020 09:03:34 GMT-0600 (Central Standard Time)	Wed Feb 19 2020 08:31:47 GMT-0600 (Central Standard Time)
The Gulf War Did Not Take Place	Jean Baudrillard	read	Fri Feb 14 2020 06:31:46 GMT-0600 (Central Standard Time)	Sun Feb 16 2020 09:19:58 GMT-0600 (Central Standard Time)
Primeval and Other Times	Olga Tokarczuk	read	Tue Feb 04 2020 20:59:30 GMT-0600 (Central Standard Time)	Thu Feb 13 2020 06:28:06 GMT-0600 (Central Standard Time)
Who Fears Death (Who Fears Death, #1)	Nnedi Okorafor	read	Tue Jan 14 2020 06:48:22 GMT-0600 (Central Standard Time)	Tue Feb 04 2020 20:44:13 GMT-0600 (Central Standard Time)
The Third Policeman	TKTK	read	Wed Oct 10 2012 23:12:36 GMT-0500 (Central Daylight Time)	Thu Jan 30 2020 22:04:40 GMT-0600 (Central Standard Time)
The Waste Land and Other Writings	T.S. Eliot	read	Mon Jan 06 2020 11:23:53 GMT-0600 (Central Standard Time)	Tue Jan 28 2020 04:59:59 GMT-0600 (Central Standard Time)
The Recognitions	William Gaddis	read	Sun Sep 29 2019 15:07:12 GMT-0500 (Central Daylight Time)	Mon Jan 13 2020 07:25:22 GMT-0600 (Central Standard Time)
Eichmann in Jerusalem: A Report on the Banality of Evil	Hannah Arendt	read	Sun Nov 10 2019 10:39:28 GMT-0600 (Central Standard Time)	Mon Jan 06 2020 07:41:27 GMT-0600 (Central Standard Time)
The Glass Menagerie	Tennessee Williams	read	Thu Dec 26 2019 21:28:51 GMT-0600 (Central Standard Time)	Thu Dec 26 2019 22:49:06 GMT-0600 (Central Standard Time)
The Year of the Flood (MaddAddam, #2)	TKTK	read	Thu Nov 02 2017 17:55:02 GMT-0500 (Central Daylight Time)	Thu Oct 17 2019 07:09:01 GMT-0500 (Central Daylight Time)
The Ghost in the Shell Volume 1.5	Shirow Masamune	read	--	Mon Sep 23 2019 21:40:00 GMT-0500 (Central Daylight Time)
The Ghost in the Shell 1.5	TKTK	read	Sun Sep 22 2019 07:16:41 GMT-0500 (Central Daylight Time)	Mon Sep 23 2019 21:40:00 GMT-0500 (Central Daylight Time)
Gulliver's Travels	Jonathan Swift	read	Thu Sep 05 2019 00:47:00 GMT-0500 (Central Daylight Time)	Sun Sep 22 2019 07:06:55 GMT-0500 (Central Daylight Time)
Réparer les vivants	TKTK	read	Mon Jul 22 2019 22:22:03 GMT-0500 (Central Daylight Time)	Wed Sep 04 2019 11:01:31 GMT-0500 (Central Daylight Time)
Northlanders Book 2: The Icelandic Saga (Northlanders, Book 2)	Brian Wood	read	Wed Aug 07 2019 22:28:37 GMT-0500 (Central Daylight Time)	Wed Aug 07 2019 22:28:37 GMT-0500 (Central Daylight Time)
Billy Budd, Sailor	Herman Melville	read	Tue Jul 16 2019 21:15:00 GMT-0500 (Central Daylight Time)	Mon Jul 22 2019 20:40:10 GMT-0500 (Central Daylight Time)
Less	Andrew Sean Greer	read	Tue Jun 25 2019 21:23:12 GMT-0500 (Central Daylight Time)	Tue Jul 16 2019 20:09:58 GMT-0500 (Central Daylight Time)
Slouching Towards Bethlehem	Joan Didion	read	Mon Jun 10 2019 02:00:00 GMT-0500 (Central Daylight Time)	Tue Jun 25 2019 02:00:00 GMT-0500 (Central Daylight Time)
Under the Glacier	Halldór Laxness	read	Sun May 19 2019 18:01:29 GMT-0500 (Central Daylight Time)	Fri Jun 07 2019 17:07:28 GMT-0500 (Central Daylight Time)
Flights	Olga Tokarczuk	read	Fri Apr 26 2019 09:34:47 GMT-0500 (Central Daylight Time)	Sun May 19 2019 13:00:18 GMT-0500 (Central Daylight Time)
Fiasco	Stanisław Lem	read	Sun Apr 14 2019 14:05:42 GMT-0500 (Central Daylight Time)	Mon Apr 22 2019 08:59:24 GMT-0500 (Central Daylight Time)
Till We Have Faces	TKTK	read	Wed Feb 06 2019 08:27:32 GMT-0600 (Central Standard Time)	Sun Feb 24 2019 16:52:23 GMT-0600 (Central Standard Time)
Saga, Volume 9	TKTK	read	Sun Feb 03 2019 07:27:48 GMT-0600 (Central Standard Time)	Sun Feb 03 2019 08:10:34 GMT-0600 (Central Standard Time)
Saga, Volume 8	TKTK	read	Sat Feb 02 2019 23:12:41 GMT-0600 (Central Standard Time)	Sun Feb 03 2019 07:27:25 GMT-0600 (Central Standard Time)
Death of a Salesman	TKTK	read	Mon Jan 28 2019 02:00:00 GMT-0600 (Central Standard Time)	Sat Feb 02 2019 08:07:06 GMT-0600 (Central Standard Time)
The Aleph and Other Stories	Jorge Luis Borges	read	Fri Jan 11 2019 08:19:09 GMT-0600 (Central Standard Time)	Sat Jan 26 2019 22:41:37 GMT-0600 (Central Standard Time)
The Power	Naomi Alderman	read	Fri Jan 04 2019 07:17:08 GMT-0600 (Central Standard Time)	Thu Jan 10 2019 07:42:44 GMT-0600 (Central Standard Time)
Foundation and Empire (Foundation #2)	Isaac Asimov	read	Sun Dec 23 2018 20:43:55 GMT-0600 (Central Standard Time)	Fri Dec 28 2018 11:19:56 GMT-0600 (Central Standard Time)
Grief	Andrew Holleran	read	Mon Nov 12 2018 00:20:50 GMT-0600 (Central Standard Time)	Mon Nov 12 2018 00:21:23 GMT-0600 (Central Standard Time)
A Confederacy of Dunces	John Kennedy Toole	read	Sun Oct 14 2018 21:24:39 GMT-0500 (Central Daylight Time)	Sat Nov 03 2018 13:12:01 GMT-0500 (Central Daylight Time)
A Cool Million and The Dream Life of Balso Snell: Two Novels	Nathanael West	read	--	Tue Oct 09 2018 02:00:00 GMT-0500 (Central Daylight Time)
A Cool Million and the Dream Life of Balso Snell: Two Novels	TKTK	read	Sun Oct 07 2018 02:00:00 GMT-0500 (Central Daylight Time)	Tue Oct 09 2018 02:00:00 GMT-0500 (Central Daylight Time)
Automating Inequality: How High-Tech Tools Profile, Police, and Punish the Poor	Virginia Eubanks	read	Thu Sep 20 2018 07:57:02 GMT-0500 (Central Daylight Time)	Sun Sep 30 2018 09:35:14 GMT-0500 (Central Daylight Time)
The Left Hand of Darkness	TKTK	read	Sun Aug 26 2018 19:15:43 GMT-0500 (Central Daylight Time)	Sun Sep 16 2018 10:36:13 GMT-0500 (Central Daylight Time)
The Grid: Electrical Infrastructure for a New Era	Gretchen Bakke	read	Thu Jun 28 2018 10:08:41 GMT-0500 (Central Daylight Time)	Sun Aug 26 2018 16:32:39 GMT-0500 (Central Daylight Time)
Broad Band: The Untold Story of the Women Who Made the Internet	Claire L.  Evans	read	Mon Jul 02 2018 06:44:28 GMT-0500 (Central Daylight Time)	Sun Jul 15 2018 07:47:54 GMT-0500 (Central Daylight Time)
Stories of Your Life and Others	Ted Chiang	read	Thu Jun 14 2018 18:03:22 GMT-0500 (Central Daylight Time)	Thu Jun 28 2018 09:59:30 GMT-0500 (Central Daylight Time)
Pierre: Or the Ambiguities	Herman Melville	read	Sun Apr 22 2018 22:54:07 GMT-0500 (Central Daylight Time)	Tue Jun 12 2018 07:53:38 GMT-0500 (Central Daylight Time)
The Elementary Particles	Michel Houellebecq	read	Fri Apr 13 2018 13:49:15 GMT-0500 (Central Daylight Time)	Fri Apr 20 2018 16:44:00 GMT-0500 (Central Daylight Time)
The Bell Jar	TKTK	read	Thu Apr 05 2018 16:36:50 GMT-0500 (Central Daylight Time)	Fri Apr 13 2018 13:45:18 GMT-0500 (Central Daylight Time)
Everything That Rises Must Converge: Stories	TKTK	read	Fri Mar 09 2018 18:27:46 GMT-0600 (Central Standard Time)	Wed Apr 04 2018 18:03:16 GMT-0500 (Central Daylight Time)
Solaris	TKTK	read	Thu Mar 01 2018 18:51:55 GMT-0600 (Central Standard Time)	Thu Mar 08 2018 12:42:06 GMT-0600 (Central Standard Time)
Society of the Spectacle	Guy Debord	read	Mon Feb 12 2018 20:56:59 GMT-0600 (Central Standard Time)	Thu Mar 01 2018 18:16:33 GMT-0600 (Central Standard Time)
Lolita	TKTK	read	Sun Jan 07 2018 22:31:13 GMT-0600 (Central Standard Time)	Sun Feb 11 2018 21:49:45 GMT-0600 (Central Standard Time)
Alexander Hamilton	TKTK	read	Mon Nov 27 2017 17:44:08 GMT-0600 (Central Standard Time)	Mon Jan 22 2018 16:41:01 GMT-0600 (Central Standard Time)
The Art of the Novel	Milan Kundera	read	Thu Dec 28 2017 13:25:28 GMT-0600 (Central Standard Time)	Thu Jan 04 2018 21:37:40 GMT-0600 (Central Standard Time)
Speaker for the Dead (Ender’s Saga, #2)	Orson Scott Card	read	--	Thu Dec 28 2017 00:34:48 GMT-0600 (Central Standard Time)
Speaker for the Dead (Ender's Saga, #2)	TKTK	read	Fri Nov 10 2017 21:14:08 GMT-0600 (Central Standard Time)	Thu Dec 28 2017 00:34:48 GMT-0600 (Central Standard Time)
Northlanders Book 1: The Anglo-Saxon Saga (Northlanders, Book 1)	Brian Wood	read	Fri Dec 01 2017 20:14:56 GMT-0600 (Central Standard Time)	Wed Dec 06 2017 08:17:13 GMT-0600 (Central Standard Time)
The Doll	Bolesław Prus	read	Tue Aug 01 2017 20:28:48 GMT-0500 (Central Daylight Time)	Tue Nov 21 2017 23:10:20 GMT-0600 (Central Standard Time)
Modern Romance	Aziz Ansari	read	Thu Nov 09 2017 20:44:57 GMT-0600 (Central Standard Time)	Sat Nov 18 2017 22:46:13 GMT-0600 (Central Standard Time)
Ender's Game (Ender's Saga, #1)	Orson Scott Card	read	Wed Oct 11 2017 16:44:56 GMT-0500 (Central Daylight Time)	Thu Nov 02 2017 09:54:42 GMT-0500 (Central Daylight Time)
Oryx and Crake (MaddAddam, #1)	Margaret Atwood	read	Tue Sep 26 2017 07:29:36 GMT-0500 (Central Daylight Time)	Wed Oct 04 2017 11:20:53 GMT-0500 (Central Daylight Time)
Between the World and Me	TKTK	read	Tue Sep 26 2017 06:24:38 GMT-0500 (Central Daylight Time)	Sat Sep 30 2017 15:03:26 GMT-0500 (Central Daylight Time)
I, Robot	Isaac Asimov	read	Tue Sep 12 2017 09:20:04 GMT-0500 (Central Daylight Time)	Tue Sep 19 2017 20:15:38 GMT-0500 (Central Daylight Time)
Letter 44, Volume 4: Saviors	Charles Soule	read	Mon Sep 18 2017 02:00:00 GMT-0500 (Central Daylight Time)	Tue Sep 19 2017 08:46:52 GMT-0500 (Central Daylight Time)
Letter 44, Volume 3: Dark Matter	Charles Soule	read	Sun Sep 17 2017 17:32:42 GMT-0500 (Central Daylight Time)	Mon Sep 18 2017 06:35:13 GMT-0500 (Central Daylight Time)
Bartleby and Benito Cereno	TKTK	read	Sun Sep 03 2017 02:00:00 GMT-0500 (Central Daylight Time)	Thu Sep 07 2017 13:52:47 GMT-0500 (Central Daylight Time)
On Tyranny: Twenty Lessons from the Twentieth Century	Timothy Snyder	read	Fri Sep 01 2017 02:00:00 GMT-0500 (Central Daylight Time)	Sat Sep 02 2017 02:00:00 GMT-0500 (Central Daylight Time)
The Stars, Like Dust (Galactic Empire, #1)	Isaac Asimov	read	Wed Aug 02 2017 09:19:17 GMT-0500 (Central Daylight Time)	Tue Aug 22 2017 18:46:03 GMT-0500 (Central Daylight Time)
Operation Paperclip: The Secret Intelligence Program that Brought Nazi Scientists to America	Annie Jacobsen	read	Tue Jun 20 2017 13:27:41 GMT-0500 (Central Daylight Time)	Wed Aug 02 2017 09:03:36 GMT-0500 (Central Daylight Time)
Conquest of the Useless: Reflections from the Making of Fitzcarraldo	Werner Herzog	read	Sun Jul 02 2017 22:02:40 GMT-0500 (Central Daylight Time)	Tue Aug 01 2017 20:18:53 GMT-0500 (Central Daylight Time)
The Wind-Up Bird Chronicle	TKTK	read	Fri May 19 2017 03:01:21 GMT-0500 (Central Daylight Time)	Sat Jul 01 2017 14:51:24 GMT-0500 (Central Daylight Time)
Dark Matter	Blake Crouch	read	Mon Apr 24 2017 02:00:00 GMT-0500 (Central Daylight Time)	Mon Apr 24 2017 06:24:44 GMT-0500 (Central Daylight Time)
Paradise Lost & Paradise Regained	John Milton	read	Sat Apr 15 2017 02:00:00 GMT-0500 (Central Daylight Time)	Sat Apr 15 2017 18:56:52 GMT-0500 (Central Daylight Time)
Saga, Volume 7	TKTK	read	Thu Apr 13 2017 06:41:44 GMT-0500 (Central Daylight Time)	Sat Apr 15 2017 18:05:48 GMT-0500 (Central Daylight Time)
Orlando: A Biography	Virginia Woolf	read	Sun Mar 12 2017 15:32:57 GMT-0500 (Central Daylight Time)	Thu Apr 13 2017 06:37:52 GMT-0500 (Central Daylight Time)
Saga, Volume 6	TKTK	read	Sun Mar 26 2017 22:11:55 GMT-0500 (Central Daylight Time)	Sun Mar 26 2017 22:12:35 GMT-0500 (Central Daylight Time)
Welcome to Night Vale (Welcome to Night Vale, #1)	Joseph Fink	read	Tue Feb 28 2017 08:51:46 GMT-0600 (Central Standard Time)	Mon Mar 13 2017 22:58:18 GMT-0500 (Central Daylight Time)
Waiting for the Barbarians	J.M. Coetzee	read	Sun Jan 29 2017 02:00:00 GMT-0600 (Central Standard Time)	Tue Feb 07 2017 02:00:00 GMT-0600 (Central Standard Time)
Making Sense of God: An Invitation to the Skeptical	Timothy J. Keller	read	Sat Nov 12 2016 11:14:15 GMT-0600 (Central Standard Time)	Sun Jan 29 2017 20:28:44 GMT-0600 (Central Standard Time)
Of Mice and Men	John Steinbeck	read	Tue Jan 17 2017 19:36:22 GMT-0600 (Central Standard Time)	Fri Jan 27 2017 18:06:43 GMT-0600 (Central Standard Time)
Saga, Volume 5	TKTK	read	Wed Jan 11 2017 21:10:36 GMT-0600 (Central Standard Time)	Thu Jan 12 2017 09:06:38 GMT-0600 (Central Standard Time)
Saga, Volume 4	TKTK	read	Wed Jan 11 2017 21:08:27 GMT-0600 (Central Standard Time)	Thu Jan 12 2017 08:59:07 GMT-0600 (Central Standard Time)
Saga, Volume 3	TKTK	read	Wed Jan 11 2017 21:08:11 GMT-0600 (Central Standard Time)	Thu Jan 12 2017 08:58:51 GMT-0600 (Central Standard Time)
Jacksonland: President Andrew Jackson, Cherokee Chief John Ross, and a Great American Land Grab	Steve Inskeep	read	Mon Dec 19 2016 09:08:47 GMT-0600 (Central Standard Time)	Wed Jan 11 2017 07:28:51 GMT-0600 (Central Standard Time)
The Master and Margarita	TKTK	read	Sat Nov 05 2016 20:00:38 GMT-0500 (Central Daylight Time)	Sat Dec 31 2016 13:59:24 GMT-0600 (Central Standard Time)
The Book of Strange New Things	Michel Faber	read	Sat Nov 19 2016 02:00:00 GMT-0600 (Central Standard Time)	Fri Dec 16 2016 08:42:47 GMT-0600 (Central Standard Time)
1776	David McCullough	read	Tue Oct 25 2016 17:01:37 GMT-0500 (Central Daylight Time)	Sat Nov 12 2016 17:03:53 GMT-0600 (Central Standard Time)
A Clockwork Orange	TKTK	read	Fri Oct 28 2016 17:33:22 GMT-0500 (Central Daylight Time)	Sat Nov 05 2016 19:42:55 GMT-0500 (Central Daylight Time)
Magic and Loss: The Internet as Art	Virginia Heffernan	read	Tue Oct 04 2016 22:30:06 GMT-0500 (Central Daylight Time)	Wed Oct 26 2016 20:35:18 GMT-0500 (Central Daylight Time)
The Big Short: Inside the Doomsday Machine	Michael   Lewis	read	Tue Oct 25 2016 16:59:45 GMT-0500 (Central Daylight Time)	Tue Oct 25 2016 17:02:08 GMT-0500 (Central Daylight Time)
Cloud Atlas	David Mitchell	read	Wed Sep 07 2016 22:17:56 GMT-0500 (Central Daylight Time)	Thu Oct 13 2016 14:21:50 GMT-0500 (Central Daylight Time)
A Canticle for Leibowitz	Walter M. Miller Jr.	read	Wed Sep 14 2016 21:30:14 GMT-0500 (Central Daylight Time)	Sun Oct 02 2016 22:02:51 GMT-0500 (Central Daylight Time)
The Handmaid's Tale (The Handmaid's Tale, #1)	TKTK	read	Tue Aug 16 2016 20:06:35 GMT-0500 (Central Daylight Time)	Sun Sep 11 2016 22:19:57 GMT-0500 (Central Daylight Time)
Flash Boys: A Wall Street Revolt	Michael   Lewis	read	Mon Aug 01 2016 15:19:43 GMT-0500 (Central Daylight Time)	Tue Aug 16 2016 20:05:11 GMT-0500 (Central Daylight Time)
The Violent Bear It Away	Flannery O'Connor	read	Sat Aug 13 2016 22:50:54 GMT-0500 (Central Daylight Time)	Sun Aug 14 2016 19:13:47 GMT-0500 (Central Daylight Time)
American Gods	TKTK	read	Sun Apr 10 2016 08:32:36 GMT-0500 (Central Daylight Time)	Thu Aug 11 2016 06:01:51 GMT-0500 (Central Daylight Time)
Zero K	Don DeLillo	read	Mon Jul 11 2016 09:44:19 GMT-0500 (Central Daylight Time)	Wed Jul 27 2016 19:15:53 GMT-0500 (Central Daylight Time)
Wolf Hall	Hilary Mantel	read	--	Mon Jul 11 2016 09:43:05 GMT-0500 (Central Daylight Time)
Wolf Hall (Thomas Cromwell, #1)	TKTK	read	Tue Jun 07 2016 02:00:00 GMT-0500 (Central Daylight Time)	Mon Jul 11 2016 09:43:05 GMT-0500 (Central Daylight Time)
The Man in the High Castle	Philip K. Dick	read	Mon Jun 13 2016 12:22:06 GMT-0500 (Central Daylight Time)	Sat Jun 18 2016 17:22:00 GMT-0500 (Central Daylight Time)
Disrupted: My Misadventure in the Start-Up Bubble	Dan Lyons	read	Sat Jun 11 2016 17:33:43 GMT-0500 (Central Daylight Time)	Sun Jun 12 2016 23:52:27 GMT-0500 (Central Daylight Time)
Chimera	John Barth	read	Wed May 18 2016 18:58:53 GMT-0500 (Central Daylight Time)	Tue Jun 07 2016 07:53:04 GMT-0500 (Central Daylight Time)
Building Data Science Teams	TKTK	read	Mon May 23 2016 12:08:33 GMT-0500 (Central Daylight Time)	Thu May 26 2016 07:38:11 GMT-0500 (Central Daylight Time)
Think Python	Allen B. Downey	read	Tue May 10 2016 02:00:00 GMT-0500 (Central Daylight Time)	Mon May 23 2016 08:01:46 GMT-0500 (Central Daylight Time)
Technopoly: The Surrender of Culture to Technology	Neil Postman	read	Thu Apr 21 2016 07:55:30 GMT-0500 (Central Daylight Time)	Sun May 15 2016 10:49:16 GMT-0500 (Central Daylight Time)
Fight Club	Chuck Palahniuk	read	Mon May 09 2016 08:11:20 GMT-0500 (Central Daylight Time)	Mon May 09 2016 18:55:10 GMT-0500 (Central Daylight Time)
Analyzing the Analyzers	TKTK	read	Sat Apr 30 2016 13:25:29 GMT-0500 (Central Daylight Time)	Sun May 01 2016 20:16:00 GMT-0500 (Central Daylight Time)
Something Happened	Joseph Heller	read	Wed Feb 10 2016 07:00:00 GMT-0600 (Central Standard Time)	Wed Apr 20 2016 20:32:36 GMT-0500 (Central Daylight Time)
Wise Blood	TKTK	read	Sat Mar 26 2016 02:00:00 GMT-0500 (Central Daylight Time)	Sun Apr 10 2016 08:31:41 GMT-0500 (Central Daylight Time)
The Signal and the Noise: Why So Many Predictions Fail - But Some Don't	Nate Silver	read	--	Sat Mar 26 2016 17:15:44 GMT-0500 (Central Daylight Time)
The Signal and the Noise: Why So Many Predictions Fail—But Some Don't	TKTK	read	Mon Feb 08 2016 02:00:00 GMT-0600 (Central Standard Time)	Sat Mar 26 2016 17:15:44 GMT-0500 (Central Daylight Time)
Let the Great World Spin	Colum McCann	read	Mon Jan 04 2016 11:08:46 GMT-0600 (Central Standard Time)	Sun Feb 07 2016 23:20:26 GMT-0600 (Central Standard Time)
The Wedding	Stanisław Wyspiański	read	Sun Jan 24 2016 23:11:35 GMT-0600 (Central Standard Time)	Sat Jan 30 2016 13:16:12 GMT-0600 (Central Standard Time)
Dune (Dune Chronicles, #1)	TKTK	read	Fri Dec 04 2015 23:54:15 GMT-0600 (Central Standard Time)	Sat Jan 23 2016 15:10:43 GMT-0600 (Central Standard Time)
JR	William Gaddis	read	Thu Dec 25 2014 02:00:00 GMT-0600 (Central Standard Time)	Tue Jan 12 2016 18:00:00 GMT-0600 (Central Standard Time)
In the Land of Invented Languages: Adventures in Linguistic Creativity, Madness, and Genius	Arika Okrent	read	Sun Nov 29 2015 22:37:52 GMT-0600 (Central Standard Time)	Tue Dec 22 2015 18:37:37 GMT-0600 (Central Standard Time)
Harry Potter and the Sorcerer's Stone	TKTK	read	Wed Nov 11 2015 02:00:00 GMT-0600 (Central Standard Time)	Sat Dec 05 2015 23:36:11 GMT-0600 (Central Standard Time)
Silence of the Lambs	Thomas  Harris	read	--	Mon Nov 23 2015 20:38:55 GMT-0600 (Central Standard Time)
The Silence of the Lambs	TKTK	read	Wed Nov 04 2015 21:48:08 GMT-0600 (Central Standard Time)	Mon Nov 23 2015 20:38:55 GMT-0600 (Central Standard Time)
Infinite Jest	David Foster Wallace	read	Mon May 11 2015 19:49:25 GMT-0500 (Central Daylight Time)	Wed Nov 11 2015 17:48:29 GMT-0600 (Central Standard Time)
The Unbearable Lightness of Being	TKTK	read	Fri Oct 16 2015 08:07:09 GMT-0500 (Central Daylight Time)	Wed Nov 04 2015 21:28:35 GMT-0600 (Central Standard Time)
The Dalkey Archive	Flann O'Brien	read	Tue Oct 13 2015 10:11:21 GMT-0500 (Central Daylight Time)	Thu Oct 15 2015 18:03:10 GMT-0500 (Central Daylight Time)
Foundation (Foundation, #1)	Isaac Asimov	read	Thu Sep 24 2015 21:51:00 GMT-0500 (Central Daylight Time)	Thu Oct 08 2015 00:59:33 GMT-0500 (Central Daylight Time)
Miss Lonelyhearts	TKTK	read	Thu Sep 17 2015 02:00:00 GMT-0500 (Central Daylight Time)	Wed Sep 23 2015 02:00:00 GMT-0500 (Central Daylight Time)
A Man Without a Country	Kurt Vonnegut	read	Mon Sep 14 2015 07:45:05 GMT-0500 (Central Daylight Time)	Wed Sep 16 2015 09:40:45 GMT-0500 (Central Daylight Time)
A Scanner Darkly	Philip K. Dick	read	Tue Jul 28 2015 00:19:54 GMT-0500 (Central Daylight Time)	Tue Jul 28 2015 23:43:52 GMT-0500 (Central Daylight Time)
The Enchanted April	TKTK	read	Fri May 01 2015 16:53:13 GMT-0500 (Central Daylight Time)	Tue Jul 21 2015 17:51:55 GMT-0500 (Central Daylight Time)
Freedom	Jonathan Franzen	read	Mon Mar 23 2015 22:56:41 GMT-0500 (Central Daylight Time)	Wed May 06 2015 23:01:52 GMT-0500 (Central Daylight Time)
Arsène Lupin, Gentleman-Thief (Arsène Lupin, #1)	TKTK	read	Fri Mar 06 2015 07:15:13 GMT-0600 (Central Standard Time)	Tue Apr 14 2015 11:35:30 GMT-0500 (Central Daylight Time)
Tuesdays with Morrie	Mitch Albom	read	Mon Apr 06 2015 17:21:20 GMT-0500 (Central Daylight Time)	Mon Apr 06 2015 17:21:20 GMT-0500 (Central Daylight Time)
The Sense of an Ending	Julian Barnes	read	Sun Mar 22 2015 22:30:21 GMT-0500 (Central Daylight Time)	Mon Mar 23 2015 22:28:11 GMT-0500 (Central Daylight Time)
The Day of the Locust	TKTK	read	Sun Mar 08 2015 23:19:31 GMT-0500 (Central Daylight Time)	Mon Mar 16 2015 16:34:27 GMT-0500 (Central Daylight Time)
To Kill a Mockingbird	TKTK	read	Tue Nov 11 2014 12:49:08 GMT-0600 (Central Standard Time)	Thu Mar 12 2015 15:51:40 GMT-0500 (Central Daylight Time)
The Picture of Dorian Gray	Oscar Wilde	read	Tue Nov 18 2014 11:58:38 GMT-0600 (Central Standard Time)	Tue Jan 20 2015 16:24:41 GMT-0600 (Central Standard Time)
The Crisis of the European Union: A Response	Jürgen Habermas	read	Wed Dec 24 2014 00:35:25 GMT-0600 (Central Standard Time)	Wed Dec 24 2014 00:35:25 GMT-0600 (Central Standard Time)
The Double	Fyodor Dostoyevsky	read	Sat Aug 30 2014 15:10:57 GMT-0500 (Central Daylight Time)	Wed Dec 24 2014 00:21:31 GMT-0600 (Central Standard Time)
Wolf in White Van	John Darnielle	read	Mon Dec 01 2014 16:03:16 GMT-0600 (Central Standard Time)	Tue Dec 09 2014 19:04:55 GMT-0600 (Central Standard Time)
Bleak House	Charles Dickens	read	Sat Oct 11 2014 11:17:28 GMT-0500 (Central Daylight Time)	Fri Nov 28 2014 11:23:06 GMT-0600 (Central Standard Time)
Mere Christianity	TKTK	read	Tue Nov 11 2014 12:51:38 GMT-0600 (Central Standard Time)	Tue Nov 11 2014 12:51:38 GMT-0600 (Central Standard Time)
The Problem of Pain	TKTK	read	Tue Nov 11 2014 12:51:29 GMT-0600 (Central Standard Time)	Tue Nov 11 2014 12:51:29 GMT-0600 (Central Standard Time)
Herbert West: Reanimator	H.P. Lovecraft	read	--	Tue Nov 11 2014 08:55:30 GMT-0600 (Central Standard Time)
Herbert West—Reanimator	TKTK	read	Tue Nov 04 2014 18:27:02 GMT-0600 (Central Standard Time)	Tue Nov 11 2014 08:55:30 GMT-0600 (Central Standard Time)
Bleeding Edge	Thomas Pynchon	read	Fri Sep 12 2014 10:24:49 GMT-0500 (Central Daylight Time)	Sun Sep 28 2014 16:55:13 GMT-0500 (Central Daylight Time)
For Whom the Bell Tolls	TKTK	read	Tue Sep 02 2014 02:00:00 GMT-0500 (Central Daylight Time)	Thu Sep 11 2014 11:17:26 GMT-0500 (Central Daylight Time)
Middlesex	TKTK	read	Sat Aug 23 2014 02:00:00 GMT-0500 (Central Daylight Time)	Thu Aug 28 2014 02:00:00 GMT-0500 (Central Daylight Time)
Lost in the Funhouse	John Barth	read	Sun Aug 17 2014 23:34:48 GMT-0500 (Central Daylight Time)	Fri Aug 22 2014 13:26:36 GMT-0500 (Central Daylight Time)
A Game of Thrones (A Song of Ice and Fire, #1)	George R.R. Martin	read	Tue Jun 17 2014 22:35:05 GMT-0500 (Central Daylight Time)	Mon Aug 18 2014 17:24:18 GMT-0500 (Central Daylight Time)
East of Eden	John Steinbeck	read	Sun Aug 03 2014 02:00:00 GMT-0500 (Central Daylight Time)	Sun Aug 17 2014 02:00:00 GMT-0500 (Central Daylight Time)
A Handful of Dust	Evelyn Waugh	read	Tue Jul 29 2014 02:00:00 GMT-0500 (Central Daylight Time)	Thu Jul 31 2014 02:00:00 GMT-0500 (Central Daylight Time)
The Confidence-Man: His Masquerade	Herman Melville	read	Tue Jun 17 2014 02:00:00 GMT-0500 (Central Daylight Time)	Mon Jul 28 2014 02:00:00 GMT-0500 (Central Daylight Time)
V for Vendetta	Alan Moore	read	Tue Jul 15 2014 23:46:21 GMT-0500 (Central Daylight Time)	Thu Jul 24 2014 16:29:23 GMT-0500 (Central Daylight Time)
The Hobbit, or There and Back Again	J.R.R. Tolkien	read	Tue Jul 15 2014 21:32:46 GMT-0500 (Central Daylight Time)	Tue Jul 15 2014 21:32:46 GMT-0500 (Central Daylight Time)
Around the World in Eighty Days	Jules Verne	read	Mon May 19 2014 15:19:12 GMT-0500 (Central Daylight Time)	Tue Jul 15 2014 17:33:18 GMT-0500 (Central Daylight Time)
Batman: The Dark Knight Returns	Frank Miller	read	Wed Jun 25 2014 18:40:41 GMT-0500 (Central Daylight Time)	Wed Jun 25 2014 20:58:45 GMT-0500 (Central Daylight Time)
S.	J.J. Abrams	read	Mon Jun 02 2014 07:29:11 GMT-0500 (Central Daylight Time)	Tue Jun 17 2014 21:48:52 GMT-0500 (Central Daylight Time)
So Long a Letter	Mariama Bâ	read	Sun Jun 01 2014 13:20:36 GMT-0500 (Central Daylight Time)	Sun Jun 01 2014 13:20:36 GMT-0500 (Central Daylight Time)
Political Theology: Four Chapters on the Concept of Sovereignty	Carl Schmitt	read	Sun Jun 01 2014 13:20:28 GMT-0500 (Central Daylight Time)	Sun Jun 01 2014 13:20:28 GMT-0500 (Central Daylight Time)
L'amour dure trois ans (Marc Marronnier, #3)	Frédéric Beigbeder	read	Sun Jun 01 2014 13:20:12 GMT-0500 (Central Daylight Time)	Sun Jun 01 2014 13:20:12 GMT-0500 (Central Daylight Time)
The Prose Edda	Snorri Sturluson	read	Sun Jun 01 2014 02:00:00 GMT-0500 (Central Daylight Time)	Sun Jun 01 2014 13:15:54 GMT-0500 (Central Daylight Time)
Sad Little Breathing Machine	Matthea Harvey	read	Wed May 28 2014 09:40:34 GMT-0500 (Central Daylight Time)	Wed May 28 2014 23:00:15 GMT-0500 (Central Daylight Time)
Coriolanus	William Shakespeare	read	Mon Apr 28 2014 02:00:00 GMT-0500 (Central Daylight Time)	Mon May 12 2014 09:23:19 GMT-0500 (Central Daylight Time)
The Doors of Perception and Heaven and Hell	Aldous Huxley	read	Fri Mar 28 2014 02:00:00 GMT-0500 (Central Daylight Time)	Sun May 04 2014 18:09:59 GMT-0500 (Central Daylight Time)
Blood Meridian, or the Evening Redness in the West	Cormac McCarthy	read	Sat Mar 29 2014 02:00:00 GMT-0500 (Central Daylight Time)	Thu May 01 2014 02:00:00 GMT-0500 (Central Daylight Time)
The Hitchhiker's Guide to the Galaxy (Hitchhiker's Guide, #1)	TKTK	read	Tue Apr 01 2014 02:00:00 GMT-0500 (Central Daylight Time)	Wed Apr 02 2014 12:23:37 GMT-0500 (Central Daylight Time)
On the Road	Jack Kerouac	read	Mon Mar 31 2014 02:00:00 GMT-0500 (Central Daylight Time)	Mon Mar 31 2014 15:18:21 GMT-0500 (Central Daylight Time)
Eat, Pray, Love	Elizabeth Gilbert	read	Tue Mar 25 2014 02:00:00 GMT-0500 (Central Daylight Time)	Fri Mar 28 2014 02:00:00 GMT-0500 (Central Daylight Time)
Underworld	Don DeLillo	read	Tue Dec 24 2013 22:26:15 GMT-0600 (Central Standard Time)	Mon Mar 24 2014 10:11:23 GMT-0500 (Central Daylight Time)
Contingency, Irony, and Solidarity	Richard M. Rorty	read	Tue Mar 11 2014 00:17:28 GMT-0500 (Central Daylight Time)	Fri Mar 21 2014 12:16:42 GMT-0500 (Central Daylight Time)
Something Fresh (Blandings Castle, #1)	P.G. Wodehouse	read	Tue Mar 11 2014 00:16:29 GMT-0500 (Central Daylight Time)	Fri Mar 21 2014 12:16:10 GMT-0500 (Central Daylight Time)
Justice and the Politics of Difference	Iris Marion Young	read	Sun Feb 23 2014 02:00:00 GMT-0600 (Central Standard Time)	Sun Feb 23 2014 02:00:00 GMT-0600 (Central Standard Time)
Two Cheers for Anarchism: Six Easy Pieces on Autonomy, Dignity and Meaningful Work and Play	James C. Scott	read	Sun Feb 23 2014 02:00:00 GMT-0600 (Central Standard Time)	Sun Feb 23 2014 02:00:00 GMT-0600 (Central Standard Time)
Society Against the State: Essays in Political Anthropology	Pierre Clastres	read	Sun Feb 23 2014 02:00:00 GMT-0600 (Central Standard Time)	Sun Feb 23 2014 02:00:00 GMT-0600 (Central Standard Time)
Visions of Politics, Volume I: Regarding Method	Quentin Skinner	read	Sun Feb 23 2014 02:00:00 GMT-0600 (Central Standard Time)	Sun Feb 23 2014 02:00:00 GMT-0600 (Central Standard Time)
Aerial Life: Spaces, Mobilities, Affects	Peter Adey	read	Sun Feb 23 2014 02:00:00 GMT-0600 (Central Standard Time)	Sun Feb 23 2014 02:00:00 GMT-0600 (Central Standard Time)
On the Internet	Hubert L. Dreyfus	read	Thu Dec 26 2013 00:25:22 GMT-0600 (Central Standard Time)	Thu Dec 26 2013 00:25:22 GMT-0600 (Central Standard Time)
The Railway Journey: The Industrialization and Perception of Time and Space	Wolfgang Schivelbusch	read	Thu Dec 26 2013 00:25:15 GMT-0600 (Central Standard Time)	Thu Dec 26 2013 00:25:15 GMT-0600 (Central Standard Time)
War in the Age of Intelligent Machines	Manuel DeLanda	read	Thu Dec 26 2013 00:25:11 GMT-0600 (Central Standard Time)	Thu Dec 26 2013 00:25:11 GMT-0600 (Central Standard Time)
Technology as Magic: The Triumph of the Irrational	Richard Stivers	read	Thu Dec 26 2013 00:25:09 GMT-0600 (Central Standard Time)	Thu Dec 26 2013 00:25:09 GMT-0600 (Central Standard Time)
Mark Z. Danielewski's The Whalestoe Letters	Mark Z. Danielewski	read	--	Thu Dec 26 2013 00:25:07 GMT-0600 (Central Standard Time)
The Whalestoe Letters	TKTK	read	Thu Dec 26 2013 00:25:07 GMT-0600 (Central Standard Time)	Thu Dec 26 2013 00:25:07 GMT-0600 (Central Standard Time)
Windows On The World	Frédéric Beigbeder	read	--	Thu Dec 26 2013 00:24:57 GMT-0600 (Central Standard Time)
Windows On The World (In French)	TKTK	read	Thu Dec 26 2013 00:24:57 GMT-0600 (Central Standard Time)	Thu Dec 26 2013 00:24:57 GMT-0600 (Central Standard Time)
Nouvelles sous ecstasy	Frédéric Beigbeder	read	Thu Dec 26 2013 00:24:52 GMT-0600 (Central Standard Time)	Thu Dec 26 2013 00:24:52 GMT-0600 (Central Standard Time)
Lives In Translation: Bilingual Writers On Identity And Creativity	Isabelle De Courtivron	read	Thu Dec 26 2013 00:24:42 GMT-0600 (Central Standard Time)	Thu Dec 26 2013 00:24:42 GMT-0600 (Central Standard Time)
Multilingual Europe: Facts and Policies	Guus Extra	read	Thu Dec 26 2013 00:24:37 GMT-0600 (Central Standard Time)	Thu Dec 26 2013 00:24:37 GMT-0600 (Central Standard Time)
Waiting for Godot: A Bilingual Edition	TKTK	read	Thu Dec 26 2013 00:24:28 GMT-0600 (Central Standard Time)	Thu Dec 26 2013 00:24:30 GMT-0600 (Central Standard Time)
En Attendant Godot	Samuel Beckett	read	--	Thu Dec 26 2013 00:24:28 GMT-0600 (Central Standard Time)
The Abolition of Man	C.S. Lewis	read	Fri Dec 20 2013 02:00:00 GMT-0600 (Central Standard Time)	Fri Dec 20 2013 12:43:58 GMT-0600 (Central Standard Time)
Fiesta: The Sun Also Rises	TKTK	read	Thu Dec 19 2013 02:00:00 GMT-0600 (Central Standard Time)	Thu Dec 19 2013 17:26:17 GMT-0600 (Central Standard Time)
Six Plays of Strindberg: The Father / Miss Julie / The Stronger / Easter / A Dream Play / The Ghost Sonata	August Strindberg	read	Tue Sep 24 2013 02:00:00 GMT-0500 (Central Daylight Time)	Thu Dec 19 2013 02:00:00 GMT-0600 (Central Standard Time)
Discipline and Punish: The Birth of the Prison	Michel Foucault	read	Mon Nov 25 2013 02:00:00 GMT-0600 (Central Standard Time)	Mon Nov 25 2013 02:00:00 GMT-0600 (Central Standard Time)
The Crying of Lot 49	Thomas Pynchon	read	Thu Sep 19 2013 02:00:00 GMT-0500 (Central Daylight Time)	Mon Sep 23 2013 11:14:22 GMT-0500 (Central Daylight Time)
The Lesson of the Master	Henry James	read	Tue Sep 17 2013 02:00:00 GMT-0500 (Central Daylight Time)	Wed Sep 18 2013 11:49:24 GMT-0500 (Central Daylight Time)
Ill Seen Ill Said	Samuel Beckett	read	Sat Sep 14 2013 02:00:00 GMT-0500 (Central Daylight Time)	Sun Sep 15 2013 12:30:46 GMT-0500 (Central Daylight Time)
The Inferno	TKTK	read	Wed Sep 11 2013 02:00:00 GMT-0500 (Central Daylight Time)	Sat Sep 14 2013 02:32:13 GMT-0500 (Central Daylight Time)
Freakonomics: A Rogue Economist Explores the Hidden Side of Everything	TKTK	read	Tue Mar 26 2013 02:00:00 GMT-0500 (Central Daylight Time)	Wed Sep 11 2013 15:50:49 GMT-0500 (Central Daylight Time)
The Corrections	Jonathan Franzen	read	Wed Sep 11 2013 15:51:06 GMT-0500 (Central Daylight Time)	Sun Sep 08 2013 02:00:00 GMT-0500 (Central Daylight Time)
The Epic of Gilgamesh: A New Translation	Anonymous	read	Tue Aug 20 2013 02:00:00 GMT-0500 (Central Daylight Time)	Wed Aug 28 2013 02:00:00 GMT-0500 (Central Daylight Time)
A Hologram for the King	Dave Eggers	read	Mon Aug 19 2013 02:00:00 GMT-0500 (Central Daylight Time)	Tue Aug 20 2013 02:00:00 GMT-0500 (Central Daylight Time)
The Necessary Marriage	Dumitru Țepeneag	read	Tue Aug 13 2013 02:00:00 GMT-0500 (Central Daylight Time)	Sat Aug 17 2013 02:00:00 GMT-0500 (Central Daylight Time)
Pale Fire	Vladimir Nabokov	read	Wed Aug 07 2013 02:00:00 GMT-0500 (Central Daylight Time)	Mon Aug 12 2013 02:00:00 GMT-0500 (Central Daylight Time)
Howards End	TKTK	read	Wed Jul 24 2013 02:00:00 GMT-0500 (Central Daylight Time)	Mon Aug 05 2013 14:47:32 GMT-0500 (Central Daylight Time)
The Pale King	David Foster Wallace	read	Thu Jul 11 2013 02:00:00 GMT-0500 (Central Daylight Time)	Wed Jul 24 2013 02:00:00 GMT-0500 (Central Daylight Time)
Catch-22 (Catch-22, #1)	Joseph Heller	read	--	Wed Jul 10 2013 07:39:47 GMT-0500 (Central Daylight Time)
Catch-22	TKTK	read	Fri Jun 21 2013 02:00:00 GMT-0500 (Central Daylight Time)	Wed Jul 10 2013 07:39:47 GMT-0500 (Central Daylight Time)
Indignation	Philip Roth	read	Thu Jun 20 2013 02:00:00 GMT-0500 (Central Daylight Time)	Fri Jun 21 2013 09:06:18 GMT-0500 (Central Daylight Time)
Gravity's Rainbow	Thomas Pynchon	read	Mon May 06 2013 02:00:00 GMT-0500 (Central Daylight Time)	Wed Jun 19 2013 15:02:29 GMT-0500 (Central Daylight Time)
The Sirens of Titan	TKTK	read	Fri Apr 26 2013 02:00:00 GMT-0500 (Central Daylight Time)	Mon May 06 2013 10:01:09 GMT-0500 (Central Daylight Time)
The Human Stain (The American Trilogy, #3)	Philip Roth	read	Tue Apr 16 2013 21:48:25 GMT-0500 (Central Daylight Time)	Wed Apr 24 2013 15:35:17 GMT-0500 (Central Daylight Time)
The Sound and the Fury	TKTK	read	Mon Apr 15 2013 02:00:00 GMT-0500 (Central Daylight Time)	Tue Apr 16 2013 02:00:00 GMT-0500 (Central Daylight Time)
Exile and the Kingdom	Albert Camus	read	Wed Apr 10 2013 02:00:00 GMT-0500 (Central Daylight Time)	Mon Apr 15 2013 11:31:31 GMT-0500 (Central Daylight Time)
Where Angels Fear to Tread	E.M. Forster	read	Sun Apr 07 2013 02:00:00 GMT-0500 (Central Daylight Time)	Tue Apr 09 2013 13:37:44 GMT-0500 (Central Daylight Time)
Only Revolutions	Mark Z. Danielewski	read	Thu Mar 28 2013 02:00:00 GMT-0500 (Central Daylight Time)	Sun Apr 07 2013 18:49:53 GMT-0500 (Central Daylight Time)
Civilization and Its Discontents	Sigmund Freud	read	Wed Mar 27 2013 00:01:53 GMT-0500 (Central Daylight Time)	Wed Mar 27 2013 00:01:53 GMT-0500 (Central Daylight Time)
The Devil in the White City	Erik Larson	read	Sat Mar 16 2013 02:00:00 GMT-0500 (Central Daylight Time)	Tue Mar 26 2013 02:00:00 GMT-0500 (Central Daylight Time)
World War Z: An Oral History of the Zombie War	Max Brooks	read	Sat Mar 16 2013 02:00:00 GMT-0500 (Central Daylight Time)	Sat Mar 16 2013 02:00:00 GMT-0500 (Central Daylight Time)
Is That a Fish in Your Ear? Translation and the Meaning of Everything	David Bellos	read	Sun Feb 17 2013 02:00:00 GMT-0600 (Central Standard Time)	Fri Mar 01 2013 09:24:58 GMT-0600 (Central Standard Time)
Amusing Ourselves to Death: Public Discourse in the Age of Show Business	Neil Postman	read	Sun Feb 17 2013 02:00:00 GMT-0600 (Central Standard Time)	Mon Feb 25 2013 13:47:55 GMT-0600 (Central Standard Time)
Out of the Silent Planet (The Space Trilogy, #1)	C.S. Lewis	read	Sun Feb 17 2013 15:40:33 GMT-0600 (Central Standard Time)	Sun Feb 17 2013 16:30:30 GMT-0600 (Central Standard Time)
Sum: Forty Tales from the Afterlives	David Eagleman	read	Sun Feb 17 2013 16:05:41 GMT-0600 (Central Standard Time)	Sun Feb 17 2013 16:05:41 GMT-0600 (Central Standard Time)
The Communist Manifesto	Karl Marx	read	Sun Feb 17 2013 15:56:54 GMT-0600 (Central Standard Time)	Sun Feb 17 2013 15:56:54 GMT-0600 (Central Standard Time)
The Marriage of Heaven and Hell	William Blake	read	--	Thu Feb 07 2013 16:57:00 GMT-0600 (Central Standard Time)
The Marriage of Heaven and Hell: In Full Color	TKTK	read	Wed Jan 30 2013 13:46:00 GMT-0600 (Central Standard Time)	Thu Feb 07 2013 16:57:00 GMT-0600 (Central Standard Time)
At Swim-Two-Birds	TKTK	read	Wed Jan 30 2013 13:46:22 GMT-0600 (Central Standard Time)	Wed Feb 06 2013 14:08:55 GMT-0600 (Central Standard Time)
Murphy	Samuel Beckett	read	Thu Jan 17 2013 15:01:25 GMT-0600 (Central Standard Time)	Wed Jan 30 2013 13:44:53 GMT-0600 (Central Standard Time)
Crome Yellow	Aldous Huxley	read	Sat Jan 05 2013 18:13:41 GMT-0600 (Central Standard Time)	Thu Jan 17 2013 14:59:40 GMT-0600 (Central Standard Time)
This Is Water: Some Thoughts, Delivered on a Significant Occasion, about Living a Compassionate Life	David Foster Wallace	read	Wed Jan 16 2013 22:30:46 GMT-0600 (Central Standard Time)	Wed Jan 16 2013 22:30:46 GMT-0600 (Central Standard Time)
House of Leaves	Mark Z. Danielewski	read	Sat Jan 05 2013 21:46:39 GMT-0600 (Central Standard Time)	Sat Jan 05 2013 21:46:39 GMT-0600 (Central Standard Time)
The Fountain	Darren Aronofsky	read	Sat Jan 05 2013 19:06:48 GMT-0600 (Central Standard Time)	Sat Jan 05 2013 19:06:48 GMT-0600 (Central Standard Time)
Hunger	TKTK	read	Tue Nov 06 2012 16:37:58 GMT-0600 (Central Standard Time)	Sat Jan 05 2013 02:00:00 GMT-0600 (Central Standard Time)
Moby-Dick or, the Whale	Herman Melville	read	Wed Oct 10 2012 02:00:00 GMT-0500 (Central Daylight Time)	Fri Nov 02 2012 02:00:00 GMT-0500 (Central Daylight Time)
Into Thin Air: A Personal Account of the Mount Everest Disaster	TKTK	read	Wed Oct 10 2012 23:17:31 GMT-0500 (Central Daylight Time)	Wed Oct 10 2012 23:17:31 GMT-0500 (Central Daylight Time)
White Noise	Don DeLillo	read	Wed Oct 10 2012 23:17:11 GMT-0500 (Central Daylight Time)	Wed Oct 10 2012 23:17:11 GMT-0500 (Central Daylight Time)
Much Ado About Nothing	William Shakespeare	read	Wed Oct 10 2012 23:16:23 GMT-0500 (Central Daylight Time)	Wed Oct 10 2012 23:16:23 GMT-0500 (Central Daylight Time)
A Midsummer Night's Dream	William Shakespeare	read	Wed Oct 10 2012 23:16:14 GMT-0500 (Central Daylight Time)	Wed Oct 10 2012 23:16:14 GMT-0500 (Central Daylight Time)
Timequake	Kurt Vonnegut	read	Wed Oct 10 2012 23:13:36 GMT-0500 (Central Daylight Time)	Wed Oct 10 2012 23:13:36 GMT-0500 (Central Daylight Time)
Slaughterhouse-Five	TKTK	read	Wed Oct 10 2012 23:13:26 GMT-0500 (Central Daylight Time)	Wed Oct 10 2012 23:13:26 GMT-0500 (Central Daylight Time)
The Things They Carried	Tim O'Brien	read	Wed Oct 10 2012 23:12:52 GMT-0500 (Central Daylight Time)	Wed Oct 10 2012 23:12:52 GMT-0500 (Central Daylight Time)
Fear and Trembling	Søren Kierkegaard	read	Wed Oct 10 2012 23:11:30 GMT-0500 (Central Daylight Time)	Wed Oct 10 2012 23:11:30 GMT-0500 (Central Daylight Time)
Point Counter Point	Aldous Huxley	read	Wed Oct 10 2012 23:11:08 GMT-0500 (Central Daylight Time)	Wed Oct 10 2012 23:11:08 GMT-0500 (Central Daylight Time)
The Beautiful and Damned	F. Scott Fitzgerald	read	Wed Oct 10 2012 23:10:37 GMT-0500 (Central Daylight Time)	Wed Oct 10 2012 23:10:37 GMT-0500 (Central Daylight Time)
The Alchemist	Paulo Coelho	read	Wed Oct 10 2012 23:09:53 GMT-0500 (Central Daylight Time)	Wed Oct 10 2012 23:09:53 GMT-0500 (Central Daylight Time)
Fahrenheit 451	Ray Bradbury	read	Wed Oct 10 2012 23:09:42 GMT-0500 (Central Daylight Time)	Wed Oct 10 2012 23:09:42 GMT-0500 (Central Daylight Time)
The Road	Cormac McCarthy	read	Wed Oct 10 2012 23:09:38 GMT-0500 (Central Daylight Time)	Wed Oct 10 2012 23:09:38 GMT-0500 (Central Daylight Time)
Lord of the Flies	William Golding	read	Wed Oct 10 2012 23:09:02 GMT-0500 (Central Daylight Time)	Wed Oct 10 2012 23:09:02 GMT-0500 (Central Daylight Time)
Brave New World	Aldous Huxley	read	Wed Oct 10 2012 23:08:30 GMT-0500 (Central Daylight Time)	Wed Oct 10 2012 23:08:30 GMT-0500 (Central Daylight Time)
Cat's Cradle	Kurt Vonnegut	read	Wed Oct 10 2012 23:07:56 GMT-0500 (Central Daylight Time)	Wed Oct 10 2012 23:07:56 GMT-0500 (Central Daylight Time)
Animal Farm	George Orwell	read	Wed Oct 10 2012 23:07:54 GMT-0500 (Central Daylight Time)	Wed Oct 10 2012 23:07:54 GMT-0500 (Central Daylight Time)
1984	TKTK	read	Wed Oct 10 2012 23:07:47 GMT-0500 (Central Daylight Time)	Wed Oct 10 2012 23:07:47 GMT-0500 (Central Daylight Time)
The Catcher in the Rye	J.D. Salinger	read	Wed Oct 10 2012 23:07:25 GMT-0500 (Central Daylight Time)	Wed Oct 10 2012 23:07:25 GMT-0500 (Central Daylight Time)